sf-edit-v060_2020_10_21.mov,bd/bdf73d0dd5cf7bd47ff6e16d58cc6274/bdf73d0dd5cf7bd47ff6e16d58cc6274.mov,220301519
sf-edit-v061_2020_10_22.mov,1d/1db81a7a828b831c3490c15434e9ebfe/1db81a7a828b831c3490c15434e9ebfe.mov,219713916
sf-edit-v093_2021_4_30.mp4,28/2887038b5f082c6a260d806806093ca0/2887038b5f082c6a260d806806093ca0.mp4,220125081
sf-edit-v084_2021_3_5.mov,59/59e6de7bd6665c0626a6a3f4d632a29f/59e6de7bd6665c0626a6a3f4d632a29f.mov,213357926
sf-edit-v058_2020_10_16.mov,69/69f72f9a4e9a56addde385ae6820a4cd/69f72f9a4e9a56addde385ae6820a4cd.mov,213554321
sf-edit-v091_2021_4_9.mp4,7e/7e0c3eeb9416b12137a7c2d76cc153de/7e0c3eeb9416b12137a7c2d76cc153de.mp4,218564552
sf-edit-v113_2021_7_30.mp4,93/93590287089bd05c01bb9843d4717f9a/93590287089bd05c01bb9843d4717f9a.mp4,227883404
sf-edit-v076_2021_1_26.mov,65/65ac29492cc16c8954021dbc7ed066d3/65ac29492cc16c8954021dbc7ed066d3.mov,211102561
sf-edit-v097_2021_5_28.mp4,10/1060798e056e655ae208bf0723f5b508/1060798e056e655ae208bf0723f5b508.mp4,223143436
sf-edit-v128_2021_10_1.mp4,6a/6a2efc3ba36b045b7dfef47252069f35/6a2efc3ba36b045b7dfef47252069f35.mp4,256615956
sf-edit-v059_2020_10_20.mov,79/79c181e4306388e7b34d6bb05d7b7c33/79c181e4306388e7b34d6bb05d7b7c33.mov,216775996
sf-edit-v080_2021_2_5.mov,15/153ce86b42a3d1b11bd6cdd77b61c41d/153ce86b42a3d1b11bd6cdd77b61c41d.mov,207437648
sf-edit-v000_2020_7_5.mp4,f3/f36aaafeea1480117dc7ecafce0e5a6b/f36aaafeea1480117dc7ecafce0e5a6b.mp4,138450120
sf-edit-v081_2021_2_12.mov,09/0937cf1f42ca69c8a820604a4f6b3e82/0937cf1f42ca69c8a820604a4f6b3e82.mov,209863251
sf-edit-v031_2020_9_3.mov,e8/e8add8652d5613ebb80c10bb104a2b08/e8add8652d5613ebb80c10bb104a2b08.mov,214656289
sf-edit-v094_2021_5_7.mp4,88/88e6386db49b298cf0fd0848e284213d/88e6386db49b298cf0fd0848e284213d.mp4,220093814
sf-edit-v039_2020_9_15.mov,b3/b3efe323c1ad76d8b81e016c9633de0e/b3efe323c1ad76d8b81e016c9633de0e.mov,200539233
sf-edit-v006_2020_7_16.mp4,81/81f4e3a9a9a76b9866180c69be677854/81f4e3a9a9a76b9866180c69be677854.mp4,181194347
sf-edit-v035_2020_9_10.mov,07/07dc7b3c675bd247410bb1189a019d5e/07dc7b3c675bd247410bb1189a019d5e.mov,201763740
sf-edit-v075_2021_1_18.mov,0f/0fbe8faf6581d63432e67ad8973d1f48/0fbe8faf6581d63432e67ad8973d1f48.mov,207494112
sf-edit-v057_2020_10_15.mov,e5/e568e714103c3b22b339f4183a7057c4/e568e714103c3b22b339f4183a7057c4.mov,215541023
sf-edit-v019_2020_8_19.mov,85/85524b2575bb434a4786da8b510acb81/85524b2575bb434a4786da8b510acb81.mov,234075872
sf-edit-v066_2020_12_2.mov,1f/1f99d22bb09fabdf948579a4b371ffbe/1f99d22bb09fabdf948579a4b371ffbe.mov,207333278
sf-edit-v083_2021_2_26.mov,80/801aa782f76d76d64728c57894b3f257/801aa782f76d76d64728c57894b3f257.mov,212613056
sf-edit-v082_2021_2_19.mov,1b/1b31316c25da6ce70e2ea4e83617c940/1b31316c25da6ce70e2ea4e83617c940.mov,213519047
sf-edit-v100_2021_6_11.mp4,e4/e4afacd16ca032f5625e0ddbda0ce61d/e4afacd16ca032f5625e0ddbda0ce61d.mp4,195731083
sf-edit-v024_2020_8_26.mov,91/9172c8674b73e8125bc69335fba76e5f/9172c8674b73e8125bc69335fba76e5f.mov,234061211
sf-edit-v114_2021_8_2.mp4,31/31af1d899967aeb649efeca812e723f1/31af1d899967aeb649efeca812e723f1.mp4,227759551
sf-edit-v042_2020_9_18.mov,ef/ef7776c31862bfe48a780934b0d83858/ef7776c31862bfe48a780934b0d83858.mov,196333846
sf-edit-v086_2021_3_12.mp4,73/737cfe537a35aac7f60d514b6ccf96dd/737cfe537a35aac7f60d514b6ccf96dd.mp4,215529489
sf-edit-v047_2020_9_24.mov,80/8083da741e5b04f42bce1c949f2e86f6/8083da741e5b04f42bce1c949f2e86f6.mov,205699169
sf-edit-v065_2020_11_30.mp4,03/0340f2f134b698396b34272e03dc25e4/0340f2f134b698396b34272e03dc25e4.mp4,175526399
sf-edit-v049_2020_9_28.mov,9d/9d157fb5ee12d4960cba46bbd7c412bb/9d157fb5ee12d4960cba46bbd7c412bb.mov,204737079
sf-edit-v011_2020_7_22.mov,1c/1c202db6bb7391f377e641aa6db5edef/1c202db6bb7391f377e641aa6db5edef.mov,212164217
sf-edit-v089_2021_3_26.mp4,ba/ba82a67f08891d950e19378ccc962d3d/ba82a67f08891d950e19378ccc962d3d.mp4,216703403
sf-edit-v040_2020_9_16.mov,8b/8b0d9c813923b253c051fdf30e60df65/8b0d9c813923b253c051fdf30e60df65.mov,200876417
sf-edit-v070_2021_1_5.mov,f7/f7cdf4aec0f1963b59a019fcd4de9493/f7cdf4aec0f1963b59a019fcd4de9493.mov,201358670
sf-edit-v079_2021_2_2.mov,09/093d2f6fc6fe96911dcf1b3078d75db7/093d2f6fc6fe96911dcf1b3078d75db7.mov,210204618
sf-edit-v030_2020_8_31.mov,f7/f7e833077a38a5926198b57b9da41326/f7e833077a38a5926198b57b9da41326.mov,214720940
sf-edit-v054_2020_10_8.mov,aa/aa4273f7ce04a19961cf862a5d93b376/aa4273f7ce04a19961cf862a5d93b376.mov,212606762
sf-edit-v015_2020_7_28.mov,4f/4f31bc86a767427b196a734789a9bf34/4f31bc86a767427b196a734789a9bf34.mov,215358460
sf-edit-v045_2020_9_23.mov,b6/b63e07ccb81e08727f4a78fc8744c8dd/b63e07ccb81e08727f4a78fc8744c8dd.mov,206191007
sf-edit-v010_2020_7_21.mov,63/638d1ebf8bc7874bf04f5c04fe2dc9f6/638d1ebf8bc7874bf04f5c04fe2dc9f6.mov,211040005
sf-edit-v132_2021_10_13.mp4,3c/3cb6995f5676b79bdb215e627a61bdb8/3cb6995f5676b79bdb215e627a61bdb8.mp4,302815497
sf-edit-v088_2021_3_25.mp4,ac/acf4c05971fcf07ff03caa073d2c6993/acf4c05971fcf07ff03caa073d2c6993.mp4,216667619
sf-edit-v026_2020_8_28.mov,18/18e5dc471e7abe3613b9c57db096e2a3/18e5dc471e7abe3613b9c57db096e2a3.mov,233062227
sf-edit-v122_2021_9_8.mp4,ae/aeb60a6358b8040478dff59a6a06b38a/aeb60a6358b8040478dff59a6a06b38a.mp4,269075970
sf-edit-v048_2020_9_25.mov,08/085decffab06c044e2e0ad38c9b1acff/085decffab06c044e2e0ad38c9b1acff.mov,205879567
sf-edit-v074_2021_1_14.mov,5a/5a81d8ff2d8876c6b7d0780d3f2b8159/5a81d8ff2d8876c6b7d0780d3f2b8159.mov,207713514
sf-edit-v119_2021_8_20.mp4,21/2131f1c785c9165d73c947e686a1b59c/2131f1c785c9165d73c947e686a1b59c.mp4,240138397
sf-edit-v095_2021_5_14.mp4,96/9674350215a087966591c2a73c0731fb/9674350215a087966591c2a73c0731fb.mp4,221543341
sf-edit-v013_2020_7_24.mov,b8/b8540124a6ccb9a2a5be080dad93561b/b8540124a6ccb9a2a5be080dad93561b.mov,213282306
sf-edit-v092_2021_4_16.mp4,46/4618a3a5b8487a0d2f02414a96cbad40/4618a3a5b8487a0d2f02414a96cbad40.mp4,219585945
sf-edit-v120_2021_8_27.mp4,23/239b66c0f3e56da4b861e2a1f9716ecc/239b66c0f3e56da4b861e2a1f9716ecc.mp4,250393257
sf-edit-v087_2021_3_19.mp4,13/1335804e1f690c7d7b8156bc657899a8/1335804e1f690c7d7b8156bc657899a8.mp4,216407277
sf-edit-v053_2020_10_7.mov,76/76c99fdd32f6ea6a407715ab69f91466/76c99fdd32f6ea6a407715ab69f91466.mov,202033714
sf-edit-v112_2021_7_23.mp4,17/1754c4c23f77004087fe809b87debb56/1754c4c23f77004087fe809b87debb56.mp4,212591053
sf-edit-v005_2020_7_15.mp4,df/df5e268202dd5dd5c37b5e8456dde3b5/df5e268202dd5dd5c37b5e8456dde3b5.mp4,181194347
sf-edit-v099_2021_6_8.mp4,6c/6c28663ba8d29b8b06ae1d0e6899413f/6c28663ba8d29b8b06ae1d0e6899413f.mp4,195786038
sf-edit-v025_2020_8_27.mov,d5/d57a79f8a3911ec47f04ef5261e96aa6/d57a79f8a3911ec47f04ef5261e96aa6.mov,231114403
sf-edit-v069_2021_1_4.mov,7e/7ecd34cbe2e16d499e08f6fd10caff0a/7ecd34cbe2e16d499e08f6fd10caff0a.mov,203548779
sf-edit-v037_2020_9_13.mov,31/31a334287f6912b7c3b242817527e601/31a334287f6912b7c3b242817527e601.mov,200958174
sf-edit-v123_2021_9_10.mp4,49/49adc0f9f44b064c8cf053e575bc912c/49adc0f9f44b064c8cf053e575bc912c.mp4,287142119
sf-edit-v018_2020_8_18.mov,0f/0fa75c1dac851b980ae504fdb7d307da/0fa75c1dac851b980ae504fdb7d307da.mov,232636766
sf-edit-v078_2021_1_29.mov,ce/ce61b4ac6c833ed9e182fea5465f915b/ce61b4ac6c833ed9e182fea5465f915b.mov,209499617
sf-edit-v020_2020_8_20.mov,cb/cbd477ec20973bc8f7ac1deadea81fbd/cbd477ec20973bc8f7ac1deadea81fbd.mov,235501518
sf-edit-v127_2021_9_28.mp4,ee/eefa411561effd0eea919bfd01b247c5/eefa411561effd0eea919bfd01b247c5.mp4,263952995
sf-edit-v012_2020_7_23.mov,dd/dd0dd6b49a8c73125026ddb35d6dcbbf/dd0dd6b49a8c73125026ddb35d6dcbbf.mov,212237557
sf-edit-v085_2021_3_10.mov,3d/3d98adb50535e1913aef0a8ca6af06fa/3d98adb50535e1913aef0a8ca6af06fa.mov,212164015
sf-edit-v056_2020_10_14.mov,ee/ee753aff48f3ee0baef2bce885c2c487/ee753aff48f3ee0baef2bce885c2c487.mov,218364760
sf-edit-v028_2020_8_28.mov,21/213187189bae9464e6100faebfbec69c/213187189bae9464e6100faebfbec69c.mov,233417609
sf-edit-v001_2020_7_9.mp4,5c/5ca5c73ab3aa65bbc1bf5b08418d5a19/5ca5c73ab3aa65bbc1bf5b08418d5a19.mp4,149226232
sf-edit-v002_2020_7_10.mp4,36/3627456874b5bd7cccfe2ef6383016d9/3627456874b5bd7cccfe2ef6383016d9.mp4,175064795
sf-edit-v027_2020_8_28.mov,71/71b4c710bf2965f5767a899567063ae9/71b4c710bf2965f5767a899567063ae9.mov,233446193
sf-edit-v129_2021_10_7.mp4,0c/0c5162d98231007e2f7202cdf23f8127/0c5162d98231007e2f7202cdf23f8127.mp4,295930210
sf-edit-v096_2021_5_20.mp4,f7/f74590099877b06ca894f3127528b58f/f74590099877b06ca894f3127528b58f.mp4,221859038
sf-edit-v023_2020_8_25.mov,9a/9a969f679d15a0c6c275cbd260596b9f/9a969f679d15a0c6c275cbd260596b9f.mov,228810895
sf-edit-v033_2020_9_8.mov,98/984a9ca7eeb6486e65b37a087d1ab3d4/984a9ca7eeb6486e65b37a087d1ab3d4.mov,205988309
sf-edit-v038_2020_9_14.mov,5d/5de580bcdd0b8c7f4cc6b7bdee873373/5de580bcdd0b8c7f4cc6b7bdee873373.mov,202887749
sf-edit-v003_2020_7_13.mp4,da/da751bf1b96520b5046ca0fd5147455c/da751bf1b96520b5046ca0fd5147455c.mp4,173795513
sf-edit-v090_2021_4_2.mp4,5a/5a4bf5c06cdb59cd1a80ac904909a293/5a4bf5c06cdb59cd1a80ac904909a293.mp4,217181589
sf-edit-v107_2021_7_2.mp4,50/50c9cd6955fd6f541a547491e9f4908f/50c9cd6955fd6f541a547491e9f4908f.mp4,195042107
sf-edit-v072_2021_1_8.mov,d2/d2078d8e468372631f3c13d1ce14da22/d2078d8e468372631f3c13d1ce14da22.mov,203313132
sf-edit-v073_2021_1_11.mov,c9/c919bd909c3cce73b91ff0187af507c8/c919bd909c3cce73b91ff0187af507c8.mov,207503205
sf-edit-v131_2021_10_12.mp4,83/83a5055338ceb4f0b5bb733f2b651170/83a5055338ceb4f0b5bb733f2b651170.mp4,490404563
sf-edit-v022_2020_8_21.mov,6d/6dee114c4c1f80ddbb6c9c6df87cb8e4/6dee114c4c1f80ddbb6c9c6df87cb8e4.mov,237294558
sf-edit-v130_2021_10_8.mp4,50/50f076c5bb540d8941857f8122345e6a/50f076c5bb540d8941857f8122345e6a.mp4,303206855
sf-edit-v032_2020_9_8.mov,f5/f59f41d74cb40a700471728ad6b1e029/f59f41d74cb40a700471728ad6b1e029.mov,208888138
sf-edit-v036_2020_9_11.mov,ae/ae47f690106285132408e732d42d5995/ae47f690106285132408e732d42d5995.mov,200417251
sf-edit-v104_2021_6_18.mp4,16/166b0d785767076ffb31d4159336a8a7/166b0d785767076ffb31d4159336a8a7.mp4,199088364
sf-edit-v098_2021_6_4.mp4,eb/eb4d2be6540e6e8ced19cbad815bf466/eb4d2be6540e6e8ced19cbad815bf466.mp4,196050385
sf-edit-v043_2020_9_18.mov,f1/f13271a2b69b07dc5ef31a1b4a631f27/f13271a2b69b07dc5ef31a1b4a631f27.mov,198158931
sf-edit-v063_2020_11_11.mov,df/df345d3d128f469928acc804b3249e9d/df345d3d128f469928acc804b3249e9d.mov,214730084
sf-edit-v055_2020_10_10.mov,13/13fbf7eb4ff798e6f601239a7704a693/13fbf7eb4ff798e6f601239a7704a693.mov,215007368
sf-edit-v016_2020_7_28.mov,a1/a1b2d50d1dc7e15081c9095061cab424/a1b2d50d1dc7e15081c9095061cab424.mov,228558939
sf-edit-v046_2020_9_23.mov,9e/9e0e78d61feff9c86b566ec24832ca7f/9e0e78d61feff9c86b566ec24832ca7f.mov,206451963
sf-edit-v067_2020_12_10.mov,76/76e3b5868ceda4a5dafd35f803ced84d/76e3b5868ceda4a5dafd35f803ced84d.mov,205676757
sf-edit-v034_2020_9_9.mov,9f/9fad4a8d7bc34089e9a41900e0e5e959/9fad4a8d7bc34089e9a41900e0e5e959.mov,206175060
sf-edit-v052_2020_10_6.mov,b3/b3f9f96f292b9b19d85caad93fc12bca/b3f9f96f292b9b19d85caad93fc12bca.mov,204780236
sf-edit-v004_2020_7_14.mp4,c5/c58d03ae8ae7fb9bb2ce1239d28b8caf/c58d03ae8ae7fb9bb2ce1239d28b8caf.mp4,177227144
sf-edit-v064_2020_11_16.mov,9a/9ae636cb06585ae473bf294cd5450303/9ae636cb06585ae473bf294cd5450303.mov,214583537
sf-edit-v115_2021_8_6.mp4,45/45b69cda205c22c080b9cc5462b8e54c/45b69cda205c22c080b9cc5462b8e54c.mp4,240672934
sf-edit-v009_2020_7_20.mp4,70/70d02e55fafd9afba35b69f23cd62290/70d02e55fafd9afba35b69f23cd62290.mp4,181140863
sf-edit-v101_2021_6_11.mp4,37/37b905ce15255124e4e2c23661466f79/37b905ce15255124e4e2c23661466f79.mp4,202849132
sf-edit-v118_2021_8_13.mp4,4d/4d74d105a858bd730b654b6e9f2b7abf/4d74d105a858bd730b654b6e9f2b7abf.mp4,245159248
sf-edit-v126_2021_9_24.mp4,63/63c06e6f22c3257f22416a561369b9be/63c06e6f22c3257f22416a561369b9be.mp4,319157960
sf-edit-v117_2021_8_13.mp4,3a/3a88bfcdf72c361c9420b17394ae52b6/3a88bfcdf72c361c9420b17394ae52b6.mp4,246996103
sf-edit-v017_2020_8_17.mov,b7/b70843ddec7aa5937c05daa15f16286b/b70843ddec7aa5937c05daa15f16286b.mov,228428092
sf-edit-v125_2021_9_21.mp4,a3/a354efe20bb680844f01eac602ad7d29/a354efe20bb680844f01eac602ad7d29.mp4,295877701
sf-edit-v109_2021_7_14.mp4,f3/f3bdce8b2b781e652600ed056ded711e/f3bdce8b2b781e652600ed056ded711e.mp4,205728733
sf-edit-v102_2021_6_14.mp4,83/833684e099f63b81378f99ec558e7829/833684e099f63b81378f99ec558e7829.mp4,203392114
sf-edit-v111_2021_7_16.mp4,3f/3f49f67f981ab36f6c36a3324a291617/3f49f67f981ab36f6c36a3324a291617.mp4,211626318
sf-edit-v133_2021_10_15.mp4,e0/e0a77bc6ef136d037827f66b71f4f261/e0a77bc6ef136d037827f66b71f4f261.mp4,299949754
sf-edit-v062_2020_10_23.mov,e4/e4dc8f0d4b2504c897cb35241939ed61/e4dc8f0d4b2504c897cb35241939ed61.mov,212702996
sf-edit-v041_2020_9_17.mov,9b/9bc55ad647bec3bb7eb63991606b2c82/9bc55ad647bec3bb7eb63991606b2c82.mov,195335793
sf-edit-v124_2021_9_17.mp4,ef/ef425075156fb03a403b94f99e1a437f/ef425075156fb03a403b94f99e1a437f.mp4,291792784
sf-edit-v014_2020_7_27.mov,64/645eb4d396a4da133aca372d9df7be64/645eb4d396a4da133aca372d9df7be64.mov,217085211
sf-edit-v077_2021_1_28.mov,ef/eff65517c94f5cb7b953b81e2c0a3e8c/eff65517c94f5cb7b953b81e2c0a3e8c.mov,210353909
sf-edit-v103_2021_6_17.mp4,32/3244e49265197bc5cb17a7a51ea3ffe1/3244e49265197bc5cb17a7a51ea3ffe1.mp4,201501948
sf-edit-v121_2021_9_3.mp4,3e/3e395e24b68e037f815dd18109db8c52/3e395e24b68e037f815dd18109db8c52.mp4,263941316
sf-edit-v110_2021_7_15.mp4,54/541977fbe867bf9018b0b5c0d4db640d/541977fbe867bf9018b0b5c0d4db640d.mp4,206563554
sf-edit-v071_2021_1_7.mov,85/85c660d791111d4279bf41ed7071d13a/85c660d791111d4279bf41ed7071d13a.mov,201598451
sf-edit-v106_2021_6_25.mp4,5c/5c2b81df800ca16b5584f407cef70ea7/5c2b81df800ca16b5584f407cef70ea7.mp4,196594539
sf-edit-v134_2021_10_15.mp4,82/827a71cf86eb00e845b54be4aa36f719/827a71cf86eb00e845b54be4aa36f719.mp4,298833648
